{"cameraMode":{"drawMode":0,"name":"Shaded","section":"Shading Mode"},"sceneLighting":true,"audioPlay":false,"sceneViewState":{"showFog":true,"showMaterialUpdate":false,"showSkybox":true,"showFlares":true,"showImageEffects":true,"showParticleSystems":true},"in2DMode":false,"pivot":{"x":382.8084716796875,"y":-6.151402473449707,"z":232.97286987304688},"rotation":{"x":0.0815347284078598,"y":0.6454372406005859,"z":-0.06958639621734619,"w":0.7562592625617981},"size":59.633453369140628,"orthographic":false}