{"cameraMode":{"drawMode":0,"name":"Shaded","section":"Shading Mode"},"sceneLighting":true,"audioPlay":false,"sceneViewState":{"showFog":true,"showMaterialUpdate":false,"showSkybox":true,"showFlares":true,"showImageEffects":true,"showParticleSystems":true},"in2DMode":false,"pivot":{"x":-75.50138854980469,"y":10.467012405395508,"z":-10.782617568969727},"rotation":{"x":-0.02369960956275463,"y":0.9593859314918518,"z":-0.2679961919784546,"w":-0.08484149724245072},"size":35.015377044677737,"orthographic":false}