{"cameraMode":{"drawMode":0,"name":"Shaded","section":"Shading Mode"},"sceneLighting":false,"audioPlay":false,"sceneViewState":{"showFog":true,"showMaterialUpdate":false,"showSkybox":false,"showFlares":true,"showImageEffects":true,"showParticleSystems":true},"in2DMode":false,"pivot":{"x":-0.5619705319404602,"y":8.561151504516602,"z":0.40793901681900027},"rotation":{"x":0.008213426917791367,"y":0.9824038147926331,"z":-0.181202232837677,"w":0.04452972114086151},"size":9.070137023925782,"orthographic":false}