{"cameraMode":{"drawMode":0,"name":"Shaded","section":"Shading Mode"},"sceneLighting":true,"audioPlay":false,"sceneViewState":{"showFog":true,"showMaterialUpdate":false,"showSkybox":true,"showFlares":true,"showImageEffects":true,"showParticleSystems":true},"in2DMode":false,"pivot":{"x":96.70939636230469,"y":-12.563665390014649,"z":121.76129150390625},"rotation":{"x":0.1329231560230255,"y":0.3095936179161072,"z":-0.04375404119491577,"w":0.9405273795127869},"size":53.083927154541019,"orthographic":false}