{"cameraMode":{"drawMode":0,"name":"Shaded","section":"Shading Mode"},"sceneLighting":false,"audioPlay":false,"sceneViewState":{"showFog":true,"showMaterialUpdate":false,"showSkybox":false,"showFlares":true,"showImageEffects":true,"showParticleSystems":true},"in2DMode":false,"pivot":{"x":114.95162963867188,"y":8.56114387512207,"z":242.06344604492188},"rotation":{"x":-0.03496775031089783,"y":0.9502476453781128,"z":-0.2870861291885376,"w":-0.11574021726846695},"size":60.44107437133789,"orthographic":false}